class,auc_score
no_substructure,0.5081926003964984
subhalo,0.5032834399353827
vortex,0.5223674440514495
